<?xml version='1.0' encoding='UTF-8'?>
<?artifactRepository version='1.1.0'?>
<repository name='org.zeroturnaround.eclipse.updatesite Artifacts' type='org.eclipse.equinox.p2.artifact.repository.simpleRepository' version='1'>
  <properties size='2'>
    <property name='p2.timestamp' value='1456396991608'/>
    <property name='p2.compressed' value='true'/>
  </properties>
  <mappings size='3'>
    <rule filter='(&amp; (classifier=osgi.bundle))' output='${repoUrl}/plugins/${id}_${version}.jar'/>
    <rule filter='(&amp; (classifier=binary))' output='${repoUrl}/binary/${id}_${version}'/>
    <rule filter='(&amp; (classifier=org.eclipse.update.feature))' output='${repoUrl}/features/${id}_${version}.jar'/>
  </mappings>
  <artifacts size='11'>
    <artifact classifier='osgi.bundle' id='org.zeroturnaround.eclipse.wtp' version='6.4.0.RELEASE'>
      <properties size='3'>
        <property name='artifact.size' value='136952'/>
        <property name='download.size' value='136952'/>
        <property name='download.md5' value='b207f66d21dadd67f0a77eef1c4edc82'/>
      </properties>
    </artifact>
    <artifact classifier='osgi.bundle' id='org.zeroturnaround.eclipse.debug' version='6.4.0.RELEASE'>
      <properties size='3'>
        <property name='artifact.size' value='1199675'/>
        <property name='download.size' value='1199675'/>
        <property name='download.md5' value='47e8a56fd01fb0b7680a516776ff8600'/>
      </properties>
    </artifact>
    <artifact classifier='osgi.bundle' id='org.zeroturnaround.eclipse.embedder' version='6.4.0.RELEASE'>
      <properties size='3'>
        <property name='artifact.size' value='21092330'/>
        <property name='download.size' value='21092330'/>
        <property name='download.md5' value='6be75be5f50f11790c4d683814eeeea3'/>
      </properties>
    </artifact>
    <artifact classifier='org.eclipse.update.feature' id='org.zeroturnaround.eclipse.feature' version='6.4.0.RELEASE'>
      <properties size='4'>
        <property name='artifact.size' value='26576'/>
        <property name='download.size' value='26576'/>
        <property name='download.md5' value='10ccf1eba29900a6b344d2c4cb1bd278'/>
        <property name='download.contentType' value='application/zip'/>
      </properties>
    </artifact>
    <artifact classifier='osgi.bundle' id='org.zeroturnaround.eclipse.wtp.websphere' version='6.4.0.RELEASE'>
      <properties size='3'>
        <property name='artifact.size' value='20098'/>
        <property name='download.size' value='20098'/>
        <property name='download.md5' value='5fe95447fab776b88b2b85eba3e96c06'/>
      </properties>
    </artifact>
    <artifact classifier='osgi.bundle' id='org.zeroturnaround.eclipse' version='6.4.0.RELEASE'>
      <properties size='3'>
        <property name='artifact.size' value='5538482'/>
        <property name='download.size' value='5538482'/>
        <property name='download.md5' value='2a5a3df2051582a00ab2bc7aca2b215d'/>
      </properties>
    </artifact>
    <artifact classifier='osgi.bundle' id='org.zeroturnaround.eclipse.config' version='6.4.0.RELEASE'>
      <properties size='3'>
        <property name='artifact.size' value='435436'/>
        <property name='download.size' value='435436'/>
        <property name='download.md5' value='715eae96265bc80bc4011b5bde4563d7'/>
      </properties>
    </artifact>
    <artifact classifier='osgi.bundle' id='org.zeroturnaround.myeclipse' version='6.4.0.RELEASE'>
      <properties size='3'>
        <property name='artifact.size' value='16702'/>
        <property name='download.size' value='16702'/>
        <property name='download.md5' value='97a53ddf566649701b5e92a7d0de8b8d'/>
      </properties>
    </artifact>
    <artifact classifier='org.eclipse.update.feature' id='org.zeroturnaround.eclipse.wtp.feature' version='6.4.0.RELEASE'>
      <properties size='4'>
        <property name='artifact.size' value='26532'/>
        <property name='download.size' value='26532'/>
        <property name='download.md5' value='d3ecfb8947e105ca22b4272145030a11'/>
        <property name='download.contentType' value='application/zip'/>
      </properties>
    </artifact>
    <artifact classifier='org.eclipse.update.feature' id='org.zeroturnaround.myeclipse.feature' version='6.4.0.RELEASE'>
      <properties size='4'>
        <property name='artifact.size' value='26496'/>
        <property name='download.size' value='26496'/>
        <property name='download.md5' value='98c0bbae426787c37b36078a83299e85'/>
        <property name='download.contentType' value='application/zip'/>
      </properties>
    </artifact>
    <artifact classifier='osgi.bundle' id='org.zeroturnaround.eclipse.remoting' version='6.4.0.RELEASE'>
      <properties size='3'>
        <property name='artifact.size' value='127565'/>
        <property name='download.size' value='127565'/>
        <property name='download.md5' value='7e8538f26cf6fbd44a31992052b0ee8d'/>
      </properties>
    </artifact>
  </artifacts>
</repository>
